cs1110,Mark Sheriff,难度 1 热度5。教授是相当厉害的一个人，讲课深入浅出。TA质量参差不齐，要选粗的大腿抱哦,PLIR 3010 国际关系理论,Legro,difficulty 5 热度3。极其优秀的人才。然而认真读书会使你学到最多东西。talk to TA，他们比教授更了解学生的困惑,SPAN 2020,Esperanza,difficulty4 hotness3 西语中级，学完2020就可以满足language requirement 啦。推荐有基础的童鞋上。UVA的语言课是真的强,COMM 1800 intro to comm,kemp,kemp 难度1 热度5 中考政治历史的学习方法。需要大量记忆哦。,CS 2102 离散,david,难度 1 热度5 cs系大水课。,,,,,,,,,,,,,,,,,,,,,
CS1110,Mark Sheriff,非常有趣的一门课 能在学到东西的同时保证gpa difficulty 1-2 hotness 5,Music1310,Jeff Decker,"大家都会推荐的一门课 不多说Difficulty 1 Hotness 5",Span1010-1020,Kate Neff,很好的教授 workload偏大 a有一定难度 difficulty 3 hotness 3（取决于你对语音的兴趣）,Math 2310,Leonid Petrov,课程内容略难 考试比较简单 教授给分也比较松 difficulty 2 hotness 1-5,math 3351,Craog Huneke,强烈安利！如果你是math major的话强烈推荐！非常好的教授 课程会有些难但是教授讲得非常好！difficulty 3 hotness 5,,,,,,,,,,,,,,,,,,,,,
Econ 2010,Mr. Elzinga,"Difficult 5, hotness 5",CS 1110,Prof. Sherriff,Difficulty 2 hotness 5,Comm 1800,Prof. Kemp,Difficulty 2 hotness 4,Econ 2020,Mr. Coppock,Difficulty 3 hotness 5,Japn 1010/1020,Kawai Sensei,Difficulty 2 hotness 4,,,,,,,,,,,,,,,,,,,,,
econ 2010,Prof. Elzinga,哇塞Elzinga超帅很有魅力！con: 年纪大讲话声音有点飘忽，而且不用ppt基本全程单口相声，而且相对别的Econ2010拿A略难些。pro：我是ap拿了5但是没换学分选择再上了一遍，我觉得我学到了很多东西！有很多新的见解！,FREN 1010,Liz Groff,work load不是一般的大！上课进度很快，quiz之类的很多，但是可以学到非常多的东西！0基础学起来会有些辛苦，因为班上同学大都有些基础了（对你没看错就是1010）要上这门课的话，做好心理准备，合理分配workload，一学期基础法语不是梦。,COMM 1800,一时都想不起来那坑爹老师叫什么了好像是robert kemp ,呵呵这老师还挺有意思的（微笑脸） easy A-的课 ,PHIL 1740 Life and Death,Rebecca Stangl,可以满足requirement的课。老师很chill，不是上课迟到就是提早下课。ppt会事先放出来。这门课让我学到了很多，引导我思考一些之前没想过的东西！这节课也并不是单纯考虑生与死，大部分在说一些堕胎安乐死自杀等等非常有意思的东西。我觉得是一门很好的，很适合没有哲学基础的人的哲学入门课。,ENWR1510 Sherlock Holmes,Charles Sligh,老师文笔口才叹为观止！喜欢sherlock holmes的同学可以去上这个课顺便满足first year writing的要求。btw已经满足了first year writing requirement但是对自己的英文写作没有非常大的信心的话，还是可以再上上first year writing的，蛮有意思。,卧槽居然还有这我真的写不下去了,写不下去了我别的课没什么观点,天啊,哦原来不是必答的，那再见了朋友,,,,,,,,,,,,,,,,,
Arts 2610 Drawing I,Barbara Bernstein,"Difficulty 2, Hotness 4  这门课挺难抢的，但是老师人很好，课也不难，无画画基础也可以上。",Econ 2020 Intro to Macroeconomics,Lee Coppock,"Difficulty 3.5, Hotness 5  老师相当chill，经常课前放小视频，释放体内蹦迪之魂。讲课很有条理很清晰",Comm 2010 Financial Accounting,Ann Backof,"Difficulty 5, Hotness 5 老师讲的挺好的，就是节奏特别快，稍微一愣神就懵逼了。但是能学到很有用的accounting知识",Econ 2010 Intro to Microeconomics,Marc Santugini Repiquet,"Difficulty 3, Hotness 5 老师上课讲的非常有条理，很清晰 很容易follow。",Stat 2120,Jeffery Woo,"Difficulty 2.5, Hotness 5 这节课很好的一点就是，考试占比不大，成绩分散在各个不同的part，不用担心一次考试考砸了就没有回转的余地。",,,,,,,,,,,,,,,,,,,,,
CS 1110,Sheriff ,fun class ,Social psychology ,oihsi,Fun class ,Criminology ,Professor R,interesting class,Comm 1800,R,Amazing class,Comm law ,Professor m,Fun class,,,,,,,,,,,,,,,,,,,,,
ECON 2020,Lee Coppock,Difficulty 2，Hotness5，教授讲课很棒，不难，人贼多。考试和quiz偶尔出坑题,STAT 2120,Jeffery Woo,Difficulty 2，Hotness 5，商院必修，事特别多，比较麻烦，但不难。上课和自己看书没太大区别，lab看TA。,RELB 2054,James Gentry,Difficulty 3，Hotness 3，藏传佛教，教授知道的东西特别多，但讲的比较深奥。要读很多书，每周150+ page。改卷不是很严所以看书认真写成绩不会差。,COMM 1800,Robert Kemp,Difficulty 3，Hotness 5，商院必上。教授的口音很有魅力。虽然看书就能懂，但为了考试要考的takeaway不去上课又不行。事情很多，而且不curve。,ASTR 1220,William Saslaw,Difficulty 5，Hotness 1，教授上课比较催眠，不靠各种电子教学设备靠纯讲。看书自学不够因为考试只考课上讲的。没有作业，考试极难，出题很tricky但curve很好。,,,,,,,,,,,,,,,,,,,,,
French1010&1020,Lova Rajaonarisoa,Difficulty 适中 Hotness 适中 很喜欢这门课，会在学习语言的同时了解文化，但是事情比较多。,Econ 2010,Elzinga,"Difficulty 4, Hotness 5, Elzinga上课比较意识流，考试不简单，TA很好，给分严。",HIEA2031Modern China,Bradley Reed,"Difficulty 3 ,Hotness4 教授非常好，上课很有深度和条理，谨慎选TA，给分会比较有差别。",Econ2020,Lee Coppock ,"Difficulty 3, Hotness 5, Lee 上课特别有趣，而且内心住着一个蹦迪小王子。条理清晰，并且lecture的内容和textbook 比较match.",Math1310 Calculus 1,Peter Bonventre ,"Difficulty 3, Hotness 4, 内容比较琐碎，事情比较多。",Enwr 1510,Ann Mazur ,"Difficulty 3, Hotness 3, 这门Enwr教授特别好，讲的很细致。Topic 挺有趣，大部分关于Victorian 时期gothic 和gender short stories.",,,,,,,,,,,,,,,,,,
Math 2310 Calculus III (2016 spring),Xiang Wan,"Difficulty 2, hotness 4, Xiang Wan is a good instructor. He explains material well and the test is easy. Take it if you'd like do calculus III",Econ 303 Money and Banking (2016 spring),Zachary Bethune,"Difficulty 5, hotness 4. Interesting class, lots of knowledge about money and the banking system in the states. The material is hard and requires lots of reading.",Math 3351 Elementary linear algebra (2016 spring),Craig Huneke,"Difficulty 4, hotness 5. The material is quite confusing so you should read the book and review for the test really hard. But Professor Huneke is good.",Sociology 1010 Intro to Sociology,James Hunter,"Difficulty 4, hotness 3. Big class so plz sit in the front. Otherwise you will not get what Professor says in class. And take good notes and memorize all of them. The exams are about the class lectures. Heads up!",Econ 2010 Intro to microeconomics,Ken Elzinga,"Difficulty 5, hotness 5. Professor Elzinga is really great. He is known for his office hour. He introduces many things other than the microeconomics knowledge you may have learned in high school but they are all quite useful.",,,,,,,,,,,,,,,,,,,,,
Cs1110,忘了,Cs入门课，挺简单的,Ece2630,忘了,电路入门课，很实用，很多知识会用到毕业,Cs2110,忘了,同样简单实用,Cs2150,Arron Bloomfield',有一定难度但是对于cs专业十分重要,Cs4102,K C Wong,算法课，对于找工作很好用,,,,,,,,,,,,,,,,,,,,,
PLAD2222,Lynn Sanders,Difficulty: 4 Hotness：3 不是一节受亚洲人推崇的课，教的主要是polling elections等是怎么收集data和做analysis的 说白了是political statistics 教授教课比较散 但考试比较straightforward 是一门很好的课,ARTS2160,Elizabeth Schoyer,Difficulty: 2 Hotness：5 画画基础，主要pencil sketches 有一点绘画基础就没关系 很简单 但workload比较大 会在studio花比较长的时间 但professors普遍很nice 就是离新生的dorms很远 上课时间2个半小时 可能比较长,PPOL3290,Bala Mulloth,Difficulty 1 Hotness 4 想抱batten school的可以上一下，主要讲social innovation in east asia，考试就是四个case studies和两个presentation 非常容易拿a 老师也非常nice 班里面基本没有中国人 都是印度人和美国人 所以积极性很高 同学之间的interactions也很多,Comm1800,Robert Kemp,"Difficulty 2, Hotness 5 commschool的prerequisite，非常非常浪费时间的一门课，如果不是想上comm school非常不推荐。上课和考试考的毫无关系，上课基本就是瞎扯，考试考的全是portal上的练习题和extra reading。这一年上过最没用的课 不要抱太大的希望",WGS2110,Bonnie Hagermann,Difficulty 3 Hotness 3 Women gender sexualty的intro课，很有意思，如果对feminism有兴趣的同学一定要报。TA和professor给分都还不错，上课内容也没有很难，主要是基本美国人，所以讨论的时候可以听到很有意思的评论，自己也有足够的机会发表意见 很推荐,,,,,,,,,,,,,,,,,,,,,
MSE2090 Intro to MSE,James Burns,"教授很好，有很多extra credit, 认真学很容易A",MSE3080 Coerosion and cells,John Scully,作业有难度，但是考试和以前的考试几乎一样,ECE2330 Digital Logic Design,Joanne Bechta Dugan,"每节课都去，会有很多pop quiz, 但都是送分的。考试都是上课讲过的",APMA2120,Socolovsky,水课，数学基础好就自己看note. 上课特别水，基本靠自学,APMA 2130,Spencer,"每节课都会有group work, 考试相对简单",,,,,,,,,,,,,,,,,,,,,CHEM 1410,Prof. Metcalf,"1. difficulty: 4.32. hotness: 3.5 （大家选这门课的原因大多数都是因为major requirement 以及其他课程跟这门课其他教授的时间冲突所以选了这门课）3. 关于Prof. Metcalf的评价跟其他教授比起来真的不怎么样，给我感觉教的相当随意，然后经常自己讲自己的，讲的很快。没有curve！！！4. 不过因为是1410所以不是特别难，几乎靠自学。5. 这门课还有一节1411的lab  内容挺难的 但是TA都很好
6. time commitment (lab included): 7-10h/week",BIOL 2100,Prof. Kittlesen,"1. difficulty: 3.5
2. hotness: 4.5
3. 这门课教授讲的非常仔细！而且教授很有趣，上课不会觉得无聊想玩儿手机。内容量挺大，要记的东西很多，不过教授会给curve。上完这门课一个本子写满了笔记。
4. 这门课附带一个lab，占用时间很长，比较无聊，但是难度偏低。
5. time commitment (lab included): 7-10h/week",MATH 1310,Prof. Lois Pierra,"1. difficulty: 1.5
2. hotness: 3.7
3. 对中国学生来说是门水课，如果没有ap抵掉上一上可以boost gpa，其他就没啥了，会给curve，稳A !
4. 这位教授带口音，教的也不好。。。完全靠自学
5. time commitment: 2-4h/week",PSYC 2150,Prof. Willingham,"1. difficulty: 3.8
2. hotness: 4.5
3. 教授很有意思，上课不会无聊，因为考试内容25%来自lecture 25%来自课本，这门课内容很有趣，对认知心理感兴趣的同学可以上！一定要好好整理笔记，定期预习噢，阅读量挺大的
4. 考试内容挺难的，但是教授上学期把average grade调到B－还是B，所以会有curve up！
5. time commitment: 6-9h/week",COLA(thirteen ways to interpret ancient text),Ashleigh Elser,"1. difficulty：1
2. hotness：4.5
3. cola是college seminar，专门给大一第一学期的学生上的，后面就不能再上啦，只有一个学分，但是大家都会拿A
4. 这门课内容超级有意思！教你用各种不同的方法去理解genesis里面的一个故事，绝对打开新世界大门！reading量不大
5. time commitment: 1-3h/week",ENWR 1510 (Animal Philosophy),Prof. Lindgren Johnson,"1. difficulty: 4.5
2. hotness: 4.5
3. 这门课是我目前为止最喜欢的一门课！整个课是讨论形式，participation占很多分所以要多说话（所以需要课前准备什么的），非常要求批判性思维！很inspiring，让你看问题多了很多角度，以及阅读量大，但都非常有意思！读起来不会觉得无聊不想读。教授很热心，可以随意约office hour～
4. time commitment: 7-10h/week",CS 1110 Intro to programming,Prof. Luther Tychonievich,"1. difficulty: 4 (对于文科生和理科生差别挺大的。。。qwq)
2. hotness：4.5
3. 教授很可爱，讲课特别有激情，可我很难听懂。。。文科生慎重考虑吧。。编程挺好玩儿的，以及在lab和partner合作也特别开心！
4. time commitment: 4-6h/week",MATH 1320 Calculus II,Instructor: Jonathon Simone ,"1. difficulty: 3.4
2. hotness: 4.5
3. 这位教授长得帅教的也好，是一个graduate student，上课会有i－clicker question（虽然只有32个人左右）挺难的，但是平时不用花太多时间，考前复习就ok啦！作业量挺大的，而且有网站上的和手写的。
4. time commitment: 4-6h/week",PSYC 3410 abnormal psychology,Prof. Robert Emery,"1. difficulty: 3.5
2. hotness: 4.8
3. 内容特别有趣，跟生活息息相关啊！教授很搞笑，但是很厉害（撰写教科书来着）会看很多有意思的案例，然后阅读量比较大，作业不多，但是如果你想提升一个grade，可以写5篇additional paper（one page）
4. time commitment: 3-6h/week",ECON 2020 macroeconomics,Prof. Lee Coppock ,"1. difficulty: 3.5
2. hotness: 4.8
3. 教授非常注重打扮，每次上课领带都是不一样的。教的很好，但是discussion的ta基本决定了你考试成绩。遗憾的是我选的ta特别较真所以会多扣几分。。。（alexanda gross...）pre-comm必修课吧（当然ap抵掉了就无所谓啦）
4. time commitment：3-6h/week",,,,,,
dram 2310,Marcy linton,"Difficulty 1, hotness 5",Arch 2360,Andrew,很实用,arch 2010,Anthony,很好玩,arh,不记得,不好玩,arh 1020,不记得,很好玩,,,,,,,,,,,,,,,,,,,,,
CS1110,Sheriff,5，蛮有意思的,PLIR 3060,Copeland,5，有点难，但我觉得贼好,MUSI1310,TA,5，easy a,HIEA3313,Xiaoyuan Liu,5，有点难，但内容很有深度,Comm1800,Leopold,4方式新颖，内容一般，考试不难,,,,,,,,,,,,,,,,,,,,,
Musi 3310,Doktor,"Difficulty 1, Hotness 5, a very interesting professor who shouts out f word frequently during classes, hmm...but they are helpful..",Musi 2070,Prof. Hagstrom ,"Difficulty 1, Hotness 5, One of the best lecturer of the department, hmm, only three short essays for a 4 credits class",Musi 3334, Stine,"Difficulty 5, Hotness 5, nice instructor but the course itself has fast progress, crazy syllabus. No zuo no Die.",Musi 3680,I jeng,"difficulty 1, hotness 5, choose this one if you don't play an instrument well but want to get an A for performance. No pressure at all and no need to prepare for anything.",EVSC 2801-002 LAB,Unknown,"Difficulty 2, Hotness 4, simple lab activities that allow you to recognise stones and stones.",,,,,,,,,,,,,,,,,,,,,
Psy2150,Prof. Williham,教授真的很棒！考试都是选择题,Econ2010,Prof. Elzinga,教授很好，比AP讲的内容更加详细、深入,ENWR1510,Prof. Charles. Slign,教授人特别好！是夏洛克主题的一门课。但是Paper不是很好拿分,Math1310,Staff,能用AP换赶紧换。考试题目很刁钻,Comm1800,Prof.Kemp,商院必修课。教授特别逗，但是考试主要靠自己看书,,,,,,,,,,,,,,,,,,,,,
ENRW1510 what is creavity？,Prof Jeremy Townley,Generally 推荐enwr 1510 上完这节课writing skills真的提高很多，对写paper有一个系统性的了解练习！虽然这个topic 看起来很吓人很不attractive但是如果以后你想major社科我觉得是很好的练习！professor也很 nice很helpful！给分也很fair！,PSYC 2150 cognition psych,Prof Daniel Willingham,课非常有意思 prof讲课特别清晰！他讲课特别有趣，经常讲笑话！grade有点难拿 我上这节课的那个学期200个人左右大概10%的a*和a 但是上这节课特别值！,PHIL2060 philosophical problems in law,Prof Alan Simmons,想对美国的法律又一个general的了解的学弟学妹强推啊！prof特别smart 他会让你深思一些高深的问题哈哈哈哈 difficulty 3.7/5 课不是很难进但是很少人drop,ECON 3020,Jae Won Lee,我觉得这是最简单的一节econ3020了！老师又非常重的韩国口音！讲课不算特别清晰因为他老在想用英语怎么表达他的意思。但是人很nice，你找他问问题他不一定讲的清楚但是他真的在try his best TA是个中国人我觉得蛮好的 思路很清晰，他的discussion可以不用去不计attendance 很chill！,STAT2120 intro to statistics,Jeffrey Woo,这节课很简单，easy A只是比较耗时间比较琐碎，要做的事情很多，lecture比较无聊，其实可以不用去，但是Jeff讲的很清晰，讲题能讲的很明白。会有很多人take这节课 互相carry吧～,,,,,,,,,,,,,,,,,,,,,
Psyc 2600 Social Psychology,Prof.Oishi,Difficulty2 hotness 5 我觉得这门课特别特别有意思。也不是很难心理课是没有作业的,Maths 3351Linear Algebra,Prof. Huneke,Difficulty3 hotness 3 我觉得这个教授特别好很有耐心作业稍微有些多,Astr is1210 Intro to SolarSystem,prof.Evans,Difficulty 2 hotness 3 这个老师教的课比较容易其他老师有点难考试也不难都是选择,Dram 2010 Acting I,Graduate Student Randy,difficulty 2 hotness4表演还是特别有趣的，考试大多数也是表演。这门课虽然不难，但表演一定要多花心思,psyc1010,prof. Dodson,difficulty3 hotness2这个教授上课特别有热情讲的也思维很清晰，就是考试有点多,,,,,,,,,,,,,,,,,,,,,
CS1110,Prof. Sheriff,Difficulty4，Hotness 5，教授这门课很强，做好作业，最后的成绩就会很好,APMA3110,Prof Fulgham,Difficulty 3，Hotness4，老师人特别好，这是一门工院的probability课，教授office hour会尽全力解答你的问题，我也和他成为了好朋友,Econ 2020,Prof Coppeck,Difficulty 5，Hotness 5，教授绝对是UVA第一等的经济教授，上课能让500人都集中注意力，而且要点例子都简洁明了，就是考试很变态,ENGR1620,Prof Donohue,Difficulty 2，Hotness 4，这是工院必修课，课上会让你以小组形式动手造东西，我们自己锯木头做了一个可伸缩拐杖,PHYS1425,Prof ryan,Difficulty4，Hotness 5，老师iclicker很难，但是讲课清晰,MSE2090,Prof Floro,Difficulty 5，Hotness4，老师上课用了一种叫guided inquiry的方式，与lecture不同，这门课给分比较奇怪，不过内容很好，让你了解材料的性质,APMA2120,Prof MM,Difficulty4.5，Hotness 5，教授不用质疑是工院最好的数学教授之一，老爷爷很逗，课很火,,,,,,,,,,,,,,,
PSYC 2150 Introduction to Cognition,Daniel Willingham,"Difficulty: 4, hotness: 5++, 教授非常有趣非常酷，对这门学科非常热爱，内容很有趣略微有点难，但我建议大家，上了它",CS 1110,Mark Sheriff,"Difficulty:1, Hotness: 5, 教授好，考试fair，带你走入CS汪洋大海",ARH 1020: History of  Architecture II,Sheila Crane,"Difficulty:5; hotness:2, 建院必修，所以如果你要申请建院肯定要上，不过College 的话哈哈哈哈哈哈，小心尝试，我学到了前所未有的知识，也熬了前所未有的夜，背过了前所未有的单词和奇奇怪怪的人名，而且这门History竟满足不了Historical requirement，So...",PHIL 1710: Human Nature,Harold Langsam,Difficulty：3，hotness：3 我喜欢这个快乐的老爷爷，这门哲学课就是我那学期精神粮食…个人觉得前半部分讲Rationality好玩一些，后部分Morality稍无聊，没有作业都是reading，3Paper,STAT 3080: From data to Knowledge,Cook Heather,Difficulty：**** hotness：**** 最后一个空位一定要让大家避雷，别选Cook当instructor，但大家可以试试找金甲鱼当Partner；）,,,,,,,,,,,,,,,,,,,,,
Econ3020,Sophie,她会联系时事来讲内容，比其他教授难但是真的可以学到很多东西,Comm1800,Bob Kemb,不进商院别上lol,HIEA2031,Reed,很有意思，满足requirement，work load不大,ENWR1510,Prof. Cavens,工作量很大，但是很有用,Cal3,Xiang Wan,很难，但是讲的很详细也觉得自己学到很多东西，推荐有ap的学弟学妹直接上,,,,,,,,,,,,,,,,,,,,,
HIEA-1501 Though and Religion in Imperial China 16Fall,Cong Zhang,"Difficulty: 3.5, hotness: 3, seminar class, 2nd writing requirement, 张老师很nice，paper量适中。",ENWR-1510 Writing Animals 16Fall,Lindgren Johnson,"Difficulty: 4, hotness: 3, seminar class, 1st year writing, 每天要写discussion forum，reading量大。",ECON-2010 MicroEcon 16Fall,Marc Repiquet,"Difficulty: 3, hotness: 4, 教授很nice，上课直奔主题没有废话，效率高效果好。",RELB-2715 Chinese Religion 17Spring,Natasha Heller,"Difficulty: 3, hotness: 2, 学一些你认为你很熟悉但其实你什么都不懂的中国宗教，阅读适量，作业几乎没有。",ECON-2020 MacroEcon 17Spring,Lee Coppock,"Difficulty: 3, hotness: 5, 很棒的教授，lecture逻辑性结构性强，内容通俗易懂却不乏味，考试需要准确和严苛的记忆能力。",,,,,,,,,,,,,,,,,,,,,
ARTS 2610 Drawing 1,Prof. Schoyer,"Difficulty 4, hotness 5(取决于你以前有没有画画基础），workload 5 (每周额外至少8小时）。Schoyer非常controlling，但是人也很 nice，就是workload很大",COMM1800,Prof. Kemp,"Difficulty 4, hotness 5这节课彻底打消了我对precomm的想法，对自己将来到底要不要申comm school还不确定的同学可以上一下这门课，会给你一个方向",ENWR 1510 Sherlock Holmes,Prof. Sligh,"Difficulty 4, hotness 5. 这门课很有意思，主要是分析福尔摩斯系列里几个很重要的故事，同时也会研究Victorian England. discussion为主，老师非常gentlement,上课很舒服，也很好说话。",SOC 2220,Prof. McConell,"Difficulty 5, hotness 4这节课主要是学习一些系统性的社会学概念，然后根据一些实际案例来分析。老师讲的很有意思，但是我不太喜欢我的TA。我觉得这门课很值得上",MDST2000,Prof. Williams,"Difficulty 5, hotness 5. 我在uva目前为止最喜欢的一门课，虽然人数很多，作业也不少，但是真的很值得上。主要讲美国传媒的发展史，也是media studies专业的必修课。我的TA非常nice，我们在课后也有交流。",,,,,,,,,,,,,,,,,,,,,
CLAS 2020 Roman Civilization(2017 Spring),Prof. Myers,"Difficulty 2, Hotness 4, 这节课特别有意思。如果你喜欢罗马历史，这个课绝对适合你。考试已不是特别的难，只要你上课时有用心的听就行了。而且，这个课满足两个area requirement （historical & literature）。",COMM 2010 Financial Accounting(2017 Spring),Prof. Backof,"Difficulty 5, Hotness 5, 想申comm school的人都会学这节课。教授虽然讲的有点快，可是她讲的还是蛮清楚的。",COLA 1500 Hitchhiker's Guide to the Galaxy(2016 Fall),Prof. Kachru,"Difficulty 1, Hotness 1, 这个教授特别好。他人好，讲的也很好，特别有墨水。这个课主要是讨论 Hitchhiker‘s Guide to the Galaxy。这本书特别有意思，绝对值得读。",COMM 1800 Making Business Work(2016 Fall),Prof. Kemp,"Difficulty 3, Hotness 5, 如果你不想申商院就别上这鬼课。Kemp真tmd“厉害”。希望新的教授会好很多。",STAT 2120 Intro to Statistical Analysis(2016 Fall),Prof. Woo,"Difficulty 5, Hotness 5, Prof. Woo 是个很不错的老师。这门课会比较难，可是如果你常去上课的话，应该不会有太大的问题。这门课注重于了解，而不是死记硬背那种。",,,,,,,,,,,,,,,,,,,,,
"Anth 2621culture, gender, violence",Richard Handler,"Difficulty 3, hotness 3. About campus sexual violence,我觉得很有意思的一门课，对gender culture critic有兴趣，又比较politically active的人会喜欢。Pro. Handler is something. Some people think the way he teaches is a little bit crazy,但我很喜欢。阅读，三篇paper response，给分偏高。",Phil2660 philosophy of religion,Prof. Merricks,"Difficulty 4, hotness 4. 内容有意思，讲课风趣。三个考试，essay questions，要拿A得写的很详细清晰。",Econ2020 principles of macroeconomics (intro),Prof. Coppock ,"Difficulty 3, hotness 5. 不过我高中学过一点经济。教授讲课注重结合实际、和学生互动，让经济原理显得生动。500人大课，课后找教授他会很愿意了解你。给分还好。",Math2310 calculus 3多变量微积分,Prof. Ira Herbst ,"Difficulty 5, hotness 3. 我觉得非常可爱的一个教授，每次问问题他都很认真地回答，让我觉得亲近（不过也有学生怕他）。讲座听不大懂，看书去office hour去了很多。考试fair。",Soc2052 sociology of family,Prof. wilcox,"Difficulty 2, hotness 4. 讲dating, cohabitation, marriage/divorce, child bearing, same-sex marriage一系列。和生活联系紧密，教授和善（prof. Wilcox is very religious/conservative though)。PPT讲课，比较common sense。Paper给分看TA，考试不难，总体给分偏高。",CPLT 2020 History of European Literature 2,Prof. Jost,"Difficulty 4, hotness 2. 讲文艺复兴前后到现代欧洲文学，三个paper，满足second writing requirement。给分还好，so don't be scared if you are really interested。教授上课扯东扯西（但是去他office hour之后还是好喜欢他），TA解释得比较清楚。",COLA 1500 Plato,Prof. shuve ,"Difficulty 4, hotness 3. 小课，一帮大一的一起讨论问题，一学期以后彼此熟悉。理想国其实比较难读的，但是课上一些philosophical discussion很有意思。教授和善，而且COLA teacher会是你的academic advisor。阅读难但是课其实还好，最后给分不严。",USEM 1570 contemporary social justice,Lisa Speidel,"Difficulty 2, hotness 3. 小的讨论课，和同学互动很多。让你在race, gender, sexual orientation等问题上更well informed。教授chill，给分不严。",Enwr 1510 words and images,Ankita Chakrabarti,"Difficulty 4, hotness 3. 讲essay, photo essay, 文字和图像如何互动表意。阅读有些难，课总体不难。老师和善，可以在交assignment前多找找她。",Math 3100 intro to probability,Tai melcher ,"Difficulty 4, hotness 3. 概率入门。老师讲题讲的比较清楚的。理论讲的不那么多。考试比较basic.老师不是特别organized,但是也比较认真友好的。",,,,,,
BIOL 2100 Intro biology with lab,Prof. Kittlesen,"Difficulty 3, Hotness 5, 这节课是生物学基础，教授人很好，给分很好，课重在理解，不难",PSYC 2200 Neural basis of behavior,Prof. Brunjes,"Difficulty 5, Hotness 2, 课程较难，但是很有趣，对生物专业以及心理专业的同学很有帮助",BIOL 3240,Prof. Kittlesen ,"Difficulty 4, Hotness 2，really interesting，although a little bit difficult",ECON 2010,Prof. Doyle,"Difficulty 2, Hotness 5, not difficult, required for commerce students",BIOL 2200,Prof. Mansson,"Difficulty 3, Hotness 4, basic for biology student, interesting but a little bit difficult.",,,,,,,,,,,,,,,,,,,,,
First writing course (ENWR 1510),Neal Curtis,教授和学生的互动很好，授课内容很有意义 同时提升写作水平,Modern Physics,Xiaochao Zheng,尤其推荐给工院的学生，属于science elective。中国教授 可不是很难，认真学容易拿高分,German 1010,Any professor,入门课 非常容易拿满分，小班授课，教授都特别好接触,ARTS 2610,Prof. Amy,推荐给对艺术感兴趣的同学，一定要有基础。课不难 比较休闲，不过还是要认真对待,Probability (Math 3100),Meyer,基础概率学的课 工院和文理院的学生都可以选，有国内数学基础的学生学起来很简单,,,,,,,,,,,,,,,,,,,,,
PHIL2660,Professor Merricks,"Difficulty 3-4, Hotness 5. 教授极为出色，但文科课对刚到美国的学生可能会有些困难。",MATH 2310,Professor Petrov,"Difficulty 3, Hotness 4. 国内学生的入门数学课，基本课程设计，分数提升机会很多。",BIOL 2100,Kittlesen,"很基础的生物课，只要认真听课，完成阅读和课外作业不是很难。Difficulty 2, Hotness 4. 若想生物专业除非有AP（考过AP就不建议上了），其余学生必修。",ECON 2010,Professor Santugini,"Difficulty 1, Hotness 3-4. 教授人非常友善，课上课下都会给予很多帮助。课程很简单，但也很重要。如果想复习一下基础经济的同学可以选择。",MUSI 1310,Chattleson,"乐理基础课，非常有用，考试较简单，推荐对乐理感兴趣或者想复习基础知识的同学来上。Difficulty 2, Hotness 3-4.",,,,,,,,,,,,,,,,,,,,,
MUSI 1310 Basic Music Skills,谁教都行,这门课讲最最基础的乐理，非常适合同学们满足Fine Arts Requirement.非常doable而且上完真的会觉得挺有成就感的。难度2，热门度4。,MUEN 3650 University Singers,Prof. Slon,全校最大的合唱团，九十到一百人。每学期至少一次公演，每学期唱的歌曲都非常有特色(有一定难度)。开学第一周会组织audition，第二周会组织callback。难度1-5分人(觉得难度1的人有可能会被选进更小的Chamber Singers)，热度...1 for Chinese students... 4 for other students.,STAT 2120,Hhhhhhh,商院经济专业必修，其实挺躲不过的，Lecture怎么样完全看教授，Lab的话呵呵哒……4分的课作业量相对较大，不要掉队就好~难度4，热门度5。,MUSI 2302 Beginning Keyboard Skill,Prof. Mayhood,十人的小班钢琴课，需要教授同意才能上，建议零基础或者几乎零基础的同学学习。刚开始的时候可能会觉得很简单，但是中间如果不仔细容易掉队。难度2，热度4。,ECON 3010,Kloosterman,这个老师貌似只有春季学期才讲课，不过其实说实话3010我觉得要比2010(估计所有的学长学姐们都写了这门课)简单一点……可能没有大课所有人一起struggle的感觉，但是所有人考试都答不完卷子然后curve巨大要比2010的93A curve到 92.5 A要爽得多。是个四分课，但是我个人觉得工作量并没有那么大。但是因为是经济专业必修课，所以大一有可能选不上。难度3，热度6。,,,,,,,,,,,,,,,,,,,,,
COLA 1500 with topic: Why Haven't We Cured Cancer (2016 Fall),Prof. David Kittlesen,"Difficulty 3, Hotness 5, 如果你喜欢生物想要major生物，非常推荐这个课！我很喜欢Professor Kittlesen他人超级好，而且上课会提很有趣的问题带领大家一起讨论。同时因为这个课是COLA (college advising seminar)，所以在上课的同时还会给你介绍UVA的资源，比如参观career center给你介绍怎么在图书馆research什么的，教授也会成为你大一大二的advisor。划重点COLA只有大一上学期可以上。
但是作为一个只有一学分的课work load有点大，不过Prof Kittlesen说他正在努力的减少这门课的work load，而且我觉得拿A也不是很难。",PSYC 2600 Introduction to Social Psychology (2016 Fall),Prof. Shigehiro Oishi,"Difficulty 2, Hotness 5. 超级有趣的一门课，感觉学到了很多很实用的东西。Professor Oishi讲课很可爱很逗，经常在课上讲段子自黑，考试全是选择题不是特别难，但还是要好好复习。但是听说这个课不同的professor差别有点大，想选的话到时候可以再多了解一下。
这个课很多很多人想报可能有点难抢，但是不要因为看到waitlist很多人就不抢，我当时虽然有waitlist还是第一时间选了而且一下就进了我也不知道为什么。",COMM 2010 Introduction to Financial Accounting (2017 Spring),Prof. Ann Backof ,"Difficulty 3, Hotness 5, Prof. Backof很美很聪明很女神，上课也会尽量讲的很有趣，但是我觉得Financial accounting真的好无聊，如果不是想进商院并不是很推荐，但是学了肯定还是有用的。",CS 1110 Introduction to programming (2016 Fall),Prof. Mark Sherriff ,"Difficulty 3, Hotness 4，作为以前没接触过CS的人我觉得这门课很有趣，一开始的时候有点晕觉得很难，但是学期快结束的时候突然觉得很简单，觉得掌握了很多新技能也学到了超多有用的东西。Prof. Sherriff是我觉得讲课最好玩的老师之一，画风清奇，但是有的时候他讲的很快也有点随性可能会跟不上，不过听说他最近几个学期要去忙什么事情，所以几个学期之内不会再教这门课。有的时候课后作业有点难，但是去TA office hour会帮挺大忙的，而且TA office hour特别多比较方便。",BIOL 3010 Genetics and Molecular Biology (2017 Spring),Prof. Claire Cronmille,"Difficulty 5, Hotness 4, 如果不major生物可千万别选这节课...作业很多，很多，很多...不过Professor Cronmille是很好的教授，她会补充很多书上没有的知识，office hour也很耐心。
但是我觉得这门课没有大家说的那么难，找到一个study group是最最重要的事情。考试想要考好要对知识理解的很透彻，但是各种process和enzyme的名字老师不是很爱考所以没有很多需要死记硬背的东西。然后虽然work load超级大，但是好好读书好好听课好好做作业是可以学好的，最近几次考试班里的平均分真的不低，所以想学生物的宝宝们不怕！",CHEM 1410 & 1420 Introductory College Chemistry I & II (2016 Fall & 2017 Spring),Prof. David Metcalf,"Difficulty 4, Hotness 2，个人并不喜欢化学，Prof. Metcalf讲课很迷很意识流，课前不看书基本听不懂，而且他课上会问很难很诡异还要算成绩的问题，但是好好看书的话我觉得没有Course Forum上美国小伙伴们说的那么难，Prof. Metcalf也没有Course Forum上说的那么不好，其实他人很可爱。不过如果一定要学化学的话，还是建议选 Professor Lisa Morkowhuk 或者Kevin Welch的，听说1410 Prof. Morkowhuk教的比较好，1420 Prof. Welch的比较简单，不过这两位教授的课我都没有上过，Prof. Linda Columbus 听说上学期大半个班都拿A了应该是最好拿A的化学课，但是她的课据说大部分靠自学，而且她早上八点上课，有勇气觉得自己能起得来的同学可以尝试。",CHEM 1411 Introductory College Chemistry I Laboratory (2016 Fall),TA们,"Difficulty 5, Hotness 2, 一学分，很迷的实验课，instruction很不清楚，work load挺大的，建议别选周一周二的，因为作业很难很烦，最好留出去office hour的时间（不过office hour很多很方便）。个人觉得不一定要和化学一起上，但是作为生化必修课可以本着早死早超生的心态早点把它上了，虽然有些实验要用到的知识可能还没讲但是没什么影响...文理学院的同学应该是可以选工院的1611化学实验的，1611两周上一次课但是比1411多一个group project，1411每周一次课要比1611多大概三个实验（关于文理学院上工院1611的事情还是建议再问一下教授，不知道这么做会不会有什么影响）。",PHIL 2660 Philosophy of Religion (2017 Spring),Prof. Treton Merricks,"Difficulty 5, Hotness 5，超级有趣的哲学入门课，不需要任何关于哲学或者宗教的知识也能学好。Professor Merricks是一个很大神的教授，而且他上课特别有意思，有时候竟然有种觉得一节课时间太短的感觉。作业只有读reading，前几个reading很难读不过后来会慢慢好起来，听说算work load相对小的哲学课。我觉得课的内容很难，但是考试的话每次考前老师会给大概30道review questions，考试的时候选三道改一下wording来考，而且每次考试前会有review session带着过这些问题，所以好好准备的话是完全可以考好的。",MUSI 3310 Theory I (2016 Fall),Prof. Kevin Davis ,"Difficulty 1, Hotness 3，我以前没有学过乐理，但是我觉得只要以前学过乐器并且会认五线谱，这是一门很简单的课。知识点并不多，只要考前好好复习好好背，考试的时候细心一点，绝对可以考的很好。不过我觉得这门课上课有点无聊。",DANC 2210 Ballet I (2017 Spring),Prof. Dinah Gray,"Difficulty 1, Hotness 5，提醒大家一下很多舞蹈课都在drama department下，所以想上舞蹈课的同学要点开Lou's list的Drama来寻找它们。这是一门需要一点点芭蕾基础的课，不过课上也有没有基础的同学，每节课后要写10分钟的free writing。Professor Gray是特别好的老师，很有趣很爱笑，讲了很多我觉得关于跳舞很有用的东西。",,,,,,
ENWR1510,Prof. Matthew Davis,"Difficulty 3, Hotness 4 课程讲points of view，这个课题在我看来是个双关，除了规模规矩的讲不同的narration techniques 这个课也让同学阅读各种各样有psychological disorder的narrator的心声。教授人很好对material很有热情，主动和他多聊能够激发双方对reading的思考。分数的话建议essay找靠谱的朋友proofread，一般应该是A-",RELG1010 introduction to religion,Prof. Heathern Warren,Difficulty 3， Hotness 3，内容量贼大的一门文科，一定找study group因为笔记记不全。很general的结合历史讲西方三个同源宗教，还是推荐大一初来乍到的国际生多了解了解这类文化的东西的，因为later on这些都会成为part of you。考试只要找了study group考前和ta聊还是没问题的～,Math2310 Calc3,Prof. Lloyd West,Difficulty 3， Hotness 4，老师讲课清晰 考试仿照practice exam，但material本身没有很简单,Econ2020 Introduction to Macroeconomics,Prof· Lee Coppock,Difficulty 2， Hotness 4， 老师贼风趣 博学 讲课清晰。 考试比较base on lecture。,Comm2010 Intro to financial accounting,Prof Ann Backof,Difficulty 3，Hotness 3 老师有耐心讲的还可以，就是上课过内容比较快需要下课自己再看notes。考试能错的题数比较少 practice exam will help,,,,,,,,,,,,,,,,,,,,,
COMM 1800(2016 Fall),Professor Kemp,"Difficulty 3, Hotness4, 老师是很好的人，也有很多有趣的观点。只要认真准备考试一定能考好。唯一就是。。。书太贵啦！",ENWR1510 Environmental film,Cory Shaman,"Difficulty 4, Hotness, 4 课程很棒，老师很好，但是我写作比较烂。给这个分数已经很良心啦。",SOC 1010,Professor Olick,"Difficulty 5, Hotness5。 真的是有意思的课，老师讲的也很好，但是给分真的糟糕。TA很负责任，可以多去office hour",COMM 2010,Ann Backof,"Difficulty 5, Hotness, 5. 老师超好！就是好难啊课...",ECON 2010,Professor Marc,"Difficulty 3, Hotness 4.老师人很好！TA因为是中国人，口音很糟糕。",EVSC 1010,Tom Smith,"Difficulty 2, Hotness 5.老师很有学问，课也好拿分。",SPAN 1060,"Ortiz-Rosario, Jose Luis","Difficulty 5, Hotness, 5.老师很好，但是特别严格，不好拿分。",STAT 2120,Professor Jeffery,"Difficulty 4, Hotness 2. 老师讲得不好，但是东西很简单，好拿分。",,,,,,,,,,,,
ARCH 5424,Earl Mark,这门课教剪电影编程，老师相当chill,DRAM 1010,忘了,释放天性结交朋友,PHYS 1010,忘了,水水的课教授很逗,ARCH 1020,Peter Waltman,难课 但真的有意思,ARH 1010,Lisa Reilly,对文科学生非常简单,,,,,,,,,,,,,,,,,,,,,
Comm1800,Kemp,"自己看书 online practice quiz多做几次 lecture嘛……嗯听故事的时间到了
难度3 hotness3",Econ2010,Elzinga,"Elzinga很酷的老爷爷 喜欢 讲的很有意思 看起来econ好棒好简单哦 然而考试（摊手） 腹黑可爱的老爷爷
难度4 hotness5",ARTS2610,忘了,难度3 hotness4 能不能拿A全看教授喜不喜欢你的画（笑） 然而一周5小时的commitment宝宝们选课谨慎啊,JAPN1010,Kawai,难度2 hotness3 Intro的课还比较简单的 好好上课好好写作业就没问题 老师非常可爱 我爱kawai,Econ3010,不会拼 很长就对了,难度4 hotness3 Econ201的进阶版本 加上了微积分和game theory 老师教的挺好的挺清楚的 然而考试（摊手）好好复习 嗯。,,,,,,,,,,,,,,,,,,,,,
CS 1110 Intro to programming(2016 Fall),Prof. Sheriff,"Difficulty 2,Hotness 5,非常有趣的一节课，作业potd一共16个非常manageable，老师很幽默，最后有game project做游戏。Lab可以简单拿分考试也不是很难。",Anth 1010,James Igoe,"Difficulty 3, Hotness 3. 一节有趣的人类学入门，浅显易懂的介绍了各种人类学topics，像农业起源，人类进化，到强权政体，世界经济等等，不是特别难，但教授讲课不是特别清楚，lecture没有那么有用。最有用的是考试前发的review notes，认真看完理解基本就没有问题了。",Psyc 2150,Daniel Willingham,"Difficulty 4.5, Hotness 5，非常棒的一节课，缺点是难度不低，讲了认知心理学的入门，包括感知，思维，意识，记忆等等。教授讲课非常非常清晰有趣，考试需要认真做reading和听lecture。好在reading不多",Music 1310,Derek ,"Difficulty 1,Hotness 3,讲了基本乐理，比较有趣，教授很chill上课会表演乐器，难度真的不难作业也不多。",ENWR 1510,Johnson Lingdrin,"Difficulty 5, Hotness 3,另外一节强推的课，教授非常nice她所有的观点都非常有意思，具体课程内容是从动物角度映射到各种哲学和道德问题。如果上完将是一个非常rewarding的课，reading很多且课是discussion-based，但不妨碍它成为一节很好的enwr课。",Phil 2060,Simmon,"Difficulty 3,Hotness 3, 虽然是哲学课，更多是法律入门，教授很幽默，所有成绩由两个考试两个paper组成，总体来说lecture非常重要，paper难度不是很高。",Astr 1280,Edward Murphy,"Difficulty2, Hotness 5, 教授非常有趣，讲课可能是我见过所有教授里面最清晰的，成绩由很多部分组成，比如什么额外lab，project啊，但难度都不高，作业也相对来说简单.比较难的是Quiz",CS 2102 Discrete Math,忘了,Difficulty 4，Hotness，难度大的一节课，教授一般，讲逻辑然后将数论，多做做题应该会好，因为难度大教授给分比较松。,,,,,,,,,,,,
Sts1499,Catherine ,Don't take it. ,Engr1620,Micheal Lawrence ,He's nice. High gpa overall. Requirement. ,Physics2620,Prof. Zheng,Difficult class especially when you have a mediocre teacher. But interesting. ,Apma2120,Russian teacher I could never spell his name. ,"Not a tough course, requirement, but never take it with a Russian teacher. ","Engr1621, chem1611",TAs,"Labs, requirements, nothing to worry about when you have a good team. ",,,,,,,,,,,,,,,,,,,,,
CS2110,Edward,2，1，就是学学java basics,ECE2066,Delong,3，4，delong教的好,JAPN1010,Kawai,5，5，喜欢的话请务必上,CS2102,Evans,3，3，Evans知道得很多,APMA2130,Dorning,5，3，dorning教的难但是好,,,,,,,,,,,,,,,,,,,,,
COMM 2020 Managerial Accounting,Mary Middleton ,"Difficulty 3, 认真就可以拿A，老师非常非常organized",Arts 2110 Photography II,Pamela Pecchio ,老师很nice 很有意思的课for artsy people,COMM 2010,Ann Backof,Office hour is helpful ,Music 1310,Justin Mullen,Easy A class!,SPAN 1010,Staff,Workload is huuuuugeeeee,,,,,,,,,,,,,,,,,,,,,
KOR 1010,Choi,If you like Korean it's great,DRAM 1010,Cadey,"Fun and chill class, easy A",ARCH 5710,Kirk martini,"Basic photography/ps skills, fun easy A",ARCH 1010,Peter waldman,Hard class if your not open minded and hate papers,ARCH 1020,N/A,Interesting class if you like designing drawing and making stuff,,,,,,,,,,,,,,,,,,,,,
CHEM 1810 Accelerated General Chemistry,Prof. Harman,"Difficulty 4, Hotness 5. Harman是chem department chair，人特别好，topics解释的也很清楚。因为课是accelerated（类似honor），课程进度比较快，建议有化学基础或者特别有兴趣的同学选择。我上的这一年这节课是周二周四早8，住得远的话（比如hereford，afc）还是要很早起的，要慎重考虑。",BIOL 2100 Intro Cell biology and Genetics,Prof. Kittlesen,"Difficulty 2, Hotness 4. 这节课是很多science major的requirement也是大部分high level biology的prerequisite，但哪怕只是想接触下biology的同学我也会建议这节课。大部分material都跟AP Biology有重叠，所以有生物基础的话会很轻松，但是没有基础也不会跟不上，只要好好做作业，把reading在上课前读了就没问题。Kittlesen人很好，考试出题也不会很刁钻，只有最后一次考试比较难，因为最后一大部分lecture是Kittlesen自己想讲的current topics，没有textbook based reading，建议最后几节课上课录音。",PHIL 2660 Philosophy of Religion,Prof. Merricks,"Difficulty 5, Hotness 5. 小课，平时work很少，reading optional，lecture很重要一定要认真记笔记，建议录音。这节课的内容跟它的名字有些出入，主要focus是用不同宗教的角度，通过逻辑分析来证明上帝的存在和一些相关的悖论。考试比较难，但是有study guide，强烈建议组织study group一起复习考试。这节课也只有考试前会占很多时间，平时真的只要去上课就可以了。",PSYC 2200 Neural basis of Behavior,Prof. Brunjes,"Difficulty 5, Hotness 2. 十分不推荐。虽说是psyc，但是不满足college requirement里的psyc分支，reading特别多，lecutre没有ppt，poorly organized。You will be tested on the tiniest detail that the Professor mentioned during lectures and the textbook briefed on.",PHYS 2020 Principle of Physics 2,Prof. Liyanage,"Difficulty 4, Hotness 2. 逃不过的requirement。主要讲电磁，光镜，和一点modern physics。考试不是很难，一小部分概念题是主要难点，因为会给equation sheet所以计算题只要敲敲计算器就能对。教授讲的不错，但是整体来说进度比较快，作业偏多，有时候会觉得跟不上，但有物理基础的话会很轻松。",,,,,,,,,,,,,,,,,,,,,
Math 3310 Basic Real Analysis(2016 Fall),Nicholas Kuhn,"Difficulty 4, Hotness 4, 是数学major的requirement，老师人很好很耐心，可以随时问问题，但每周五会有一个quiz。",Germ 1020 Elementary German,Rebekah Slodounik,"Difficulty 3, Hotness 4, 和其他同等级的语言初级课相比workload少很多，老师很好",MATH 3315 Cal3 honor,Andrei Rapinchuk,"Difficulty 4, Hotness 3, 课的内容不简单，但是所有考试都是闭卷take-home，TA很好",STAT 3120 Intro Mathematical Statistics,Alice Liu,"Difficulty 5, Hotness 4, 课的内容都是自学，老师主要负责念PPT， 考试不curve，95+是A，建议除非一定要满足requirement不要选这门课",PHIL 1750 The Meaning of Life,Walter Ott,"Difficulty 5, Hotness 4, 内容还好，老师讲课比较无聊，但是TA很强，讲的特别清楚",,,,,,,,,,,,,,,,,,,,,
ENWR 1510 Ghost stories,Elizabeth Fox,"Difficulty 3.4, Hotness 5. If you want to take ENWR 1510, and Elizabeth Fox is teaching it this semester, don’t hesitate and take it. Eliza 真的是目前为止我在UVA遇到过最好的老师。一开始是因为这节课的主题Ghost story而选的，但是上完之后很想再上Eliza教的其他的课 (and I’m not a fan of literature or English writing)。 她上课的时候特别有活力，给的reading也很有趣，一周20-40页，跟很多ENWR的老师比起来算是非常良心了，上课讲writing要点的时候特别有条理，而且下课找office hour的时候会愿意帮你简化你的claim，或者理顺reasoning。虽然first year writing requirement可以用SAT抵掉，但是通过这一个学期的ENWR课，感觉在build a claim and proof it方面受益匪浅，真的是在大学四年以及之后的日子里都有用的东西。",ANTH 2589 Environmental Archaeology,Kyle Edwards,Difficulty 4 Hotness 3. 给3分的hotness不是因为课不有趣，而是因为这个topic感兴趣的人比较少，所以只有20个人选了。但是如果你对考古，并且对the natural environment感兴趣，一定不要错过这节课！！！（虽然好像接下来的几个学期Kyle不会再交这节课了，但是如果他教别的课也一定要考虑上，He’s just amazing and incredibly kind)。 上课的日常就是讨论一个考古人员挖过的坑，学习他们用来研究从几十万年到几十年前的人类遗迹的工具和高科技手段。有的时候会有lab，观察动植物，或者拿着学校在不同时期的四张地图绕着学校走，观察200年来的变化， 反正就是特别有趣。基本没什么作业，只有reading和一场midterm and a final。,"EVSE 2200, Plants, People and Culture",Thomas Smith,"Difficulty 3, Hotness 4. 上了这节课之后，知道了平时dinning hall里的各种grains, vegetables and fruits 都是怎么来的，原产国是哪里，什么时候开始被种植，什么时候被引进别的大陆，还有各种酒和饮料的酿造过程。没有作业只有4个midterm，连final都没有2333",EVSC 3200&3201 Ecology,Thomas Smith,"DIfficulty 4, Hotness 4.5. 这是要学环境科学的必修课之一，每个学期都会有但是是不同的professor，个人推荐Tom Smith. 它的lab可以抵second writing requirement, lab的内容就是去山里量树，河边捕鱼，特别酷炫2333",SPAN 1010 (& 1020) Spanish,Kate Neff,"Difficulty 4.5, Hotness 5. 如果要学spanish的话一定要考虑选Kate Neff的课，虽然能不能选上拼人品。上课讲的非常好，而且人也特别nice。",,,,,,,,,,,,,,,,,,,,,
Cs2150 2017S,Bloomfield ,D5 H5 巨他妈多的作业 好好学很有用,MUSI 4559 2016F,Like Dahl ,D5 H3 老师是斯坦福的博士 有点nerdy 没有考试全是project 有意思有成就感,ENGL1500 Poe 2015S,Emily egden ,"H 1000000+ D5
这是我在uva上的最棒的课
老师哈佛本科宾大phd 非常非常有智慧聪明 而且人又漂亮有气质很温柔
学了很多很多",Musi 3050 16S,Fred Maus,"H5D4
Fred Maus真的是我遇到过最nice最体贴最靠谱的教授
普林斯顿phd 非常聪明
好课 music major必修",STAT2120,Amber Thomas ,"D4H1
老师教的一般
给分特别严格 她应该是整个stat部门给分最低的老师 不要上",,,,,,,,,,,,,,,,,,,,,
ECON 2010 (2016 Fall),Prof. Marc Santugini,Difficulty: 2 Hotness: 2 教授讲微观经济的方式很奇怪，但是讲的很清楚，每次一个内容可以讲很多遍。教授给分也很高，考试比较有套路（相对容易，和discussion内容相似，一定不要翘discussion），这课我上的时候没有作业，教授人很nice，强推这个教授。,ARTS 2110(2017 Spring),Prof. Pamela Pecchio,"Difficulty 3, Hotness 2, 这门课非常耗时间（平均每周workload 5~10小时），比较烧钱（>500刀）。教授人非常nice而且很chill，她会给additional lab days。大家平均摄影水平较高，而且洗照片难度较大，对黑白摄影不感兴趣的慎重考虑。如果喜欢摄影、洗照片，这门课是可以学到很多的一门课（也比较容易拿A）。两个教授Pam和Alice Bailey，我更推荐Pam。",COMM 1800 (2016 Fall),Prof. Kemp,"Difficult 3, Hotness 3 这门课嘛，反正不用上课听课，记一下Takeaway, 看看cengage就能过。。。",MATH 3100: Probability (2016 Fall),Prof. Abdelmalek Abdesselam,"Difficulty 4, Hotness 3, 这门课本身不是特别难，这教授。。。不想说什么，就自学吧。Final 比较难，不给curve。不推荐这个教授。",PYSC 2150 Intro to Cognitive Psychology,Prof. Willingham,"Difficulty: 5, Hotness 3. 教授讲的很好，这门课也很有趣，考试真的真的难，需要背的东西较多，非心理major慎重考虑。",,,,,,,,,,,,,,,,,,,,,
Comm 1800,Prof. Kemp,这节课需要背的东西很多，但是包含很多business的基础知识。TA评分标准不一。,CS 1110 Intro to programming (2017 Spring),Prof. Upsorn,这节课内容还是挺有意思，TA很好。老师迷之幽默，但我get不到她的笑点。,Econ 2010,Prof. Marc,涵盖基本微观经济知识，老师也很好，很耐心地回答问题。,Econ 2020,Prof. Coppock,老师非常好：非常幽默非常摇滚。他会提前很久下课。这节课也非常有意思。TA评分标准很高很统一。,Math 2315,Prof. Rapinchuk,老师对数学很有热情。他讲课速度快。workload大。作业难。如果对数学很有热情并且想要数学major，推荐上这节课。,,,,,,,,,,,,,,,,,,,,,
ECON 2020,Prof. Coppock,还可以，lecture比较好，但是考试有点古怪,HIUS 3456,Professor Leffler,lecture超级好，但是很难，essay 给分很难,ECON 2010,Prof. Elzinga,lecture十分无聊，final很奇葩,Intro to Photography I,Prof. Bailey,课外投入特别多，很有意思，暗房摄影，学的很多,CLAS 2040,Prof. Miller,希腊神话，有意思。还可以,,,,,,,,,,,,,,,,,,,,,
Econ 3020 Intermediate Macroeconomics (2016 fal)）,Prof. Osotimehin,内容不是特别难，但是这个professor上课有点迷，知识点并不能解释清楚，考试成绩占比很大，给分也不是特别高。听说fall semster有位韩国教授的课很简单。,Econ 3010 Intermediate Microeconomics (2017 Spring),Prof. Troyan,教授讲的挺详细清楚的～（hotness: 4.5!!!) 考试还行，还是很推荐的！,STAT 2120 Introduction to Statisitical Analysis (2016 fall),Prof. Woo,不难～平时作业什么的比重很大，所以平时认真的话成绩会挺高的！,Dram 2810 Cinema as Art Form (2017 Spring),Prof. Marshall,"很喜欢这门分析电影艺术的课！满足humanity的fine arts requirement, workload也不大，lab的时候就是看电影（从黑白无声到彩色lol), 收获挺大的，教授人也特别好！",CS 1110 Intro to programming (2017 Spring),Prof. Praphamontripong,课程本身不算难，写的一些code也挺好玩的，没有CS基础的话还是很好的intro课！不过这个教授有口音，思维有点跳跃，讲的不是很清楚，幽默的点也渐渐get不到了，尴尬。另外一个教授Luther Tychonievich对比起来好很多！,,,,,,,,,,,,,,,,,,,,,
FREN 1010,Mme.Elizabeth Groff,Wordload每天1－2小时 上课的进度很快 但是没有想象中那么吓人 gpa给分还是比较送的 只要每天认真做作业考试前抱一下佛脚 结局还是比较美好的,RELI 2070,Shankar Nair,能够satisfy non western和religious study这两个requirement reading很多很难但是其实不需要全都读完 所以workload还是比较友好的 Prof Nair人特别好 给分给得很公正 知识也特别渊博 感恩节会提前放假 考试全都是开卷的并且会提前把题目告诉学生 还是很值得推荐的,FREN1020,Cécile Rey,Cécile是法国人 法语的口音太好听了 听她讲话是我每天上课的动力 可能是最chill的法语老师 要是想要chill一点的话一定要跟着她 workload比同一门课的其他老师都小 gpa也很友好,HILA2002,Thomas Klubock ,Klubock的课和reading都特别有意思 完全不会让人觉得无聊 他讲课的语速很快 所以抄笔记老是抄到手疼 但是过程特别rewarding 可以satisfy history的req workload也还行 在uva的history里还是算比较有好的,PYSC2600,Timothy Wilson,Wilson应该是教PYSC2600里面资历最老的老师 也是课本的作者之一 确实教得很好 感觉虽然考过AP psych但是还是能学到很多东西 要是能上他的课一定要上！,COMM1800,Robert Kemp,考试前抱佛脚是最有用的 课本挺好看的,,,,,,,,,,,,,,,,,,
PHIL2660 philosophy of religion,Professor Merricks,"The best class I have taken, 10/10 recommend",comm2020,professor Middleton,best professor ever,stats3120,Professor Alice Liu,"major requirement for math and stats, a lot of people dont like it, I loved it and found it very interesting",Math3310 Basic Real Analysis,Professor Yen Do,"did research with this professor, he's also my major advisor, took his differential equations class too, love him",Comm1800,Professor Kemp,AVOID if you are not precomm,,,,,,,,,,,,,,,,,,,,,
"Paris, the capital of 19th century",Sarah Betzer,"4, 5. History and art intertwined so learned about both and how one has impacted another; the words she used are just precise and beautiful; lots of readings and fair amount of writings; if you're curious it's worth it",Problems of Roman Art,John Dobbins,"3, 5. He's an old guy but open to new ways of teaching the class. We had group projects in which we analyzed the design of a gallery in museum and drew the pavilions on the lawn. Discussion was great, learned a lot and wasn't intimidating even though I knew little about Roman art.",ASTR 1220 Intro to Galaxies & Universe,Ed Murphy,"3,5. My favorite lecturer/professor at UVA. Completely taken away by this class, the universe is just so fascinating and he demonstrated this with his knowledge, examples and passion. Recommend to anyone, especially those who want to fulfill the science requirement but doesn't want a traditional chemistry or physics class.","Strategy, block 1 in comm school",Carl Zeithaml,"3,5. First look into why businesses thrive and fail. It's a good start of the comm school. Will be useful twenty years down the road.","Finance in block 1, comm school",Robert Webb,"4,5. My favorite professor in the comm school. The way he teaches finance is by relating the theory to current events, and showing you all the intricacies in a case that looks simple at the first sight. The way he dresses is also charming.",,,,,,,,,,,,,,,,,,,,,
ECON 2010: Intro to MicroEcon,Prof. Elzinga,"I won't say it is an easy A class. This class seems really easy at the beginning, but the final is tricky. I went through the study guide and practice questions but still found that there were questions from the final that had not been covered in the discussions or the lectures. And don't rely on the dutch knockout. A lot of people thought they could use the dutch knockout, but the final was more difficult than they imagined so it turned out they still had to use the 400 scale. Got an A-. Definitely a GPA killer for me. Don't really recommend this class unless you have to take it. Prof. Elzinga is a really nice person though.",ARTS 2610: Intro to Drawing,Prof. Bernstein ,"LOVE LOVE LOVE IT! Prof. Bernstein is one of the best professors I had. She has a special approach for teaching. She is more focused on your progress instead of one particular drawing. A lot of us came to class and knew nothing but drawing, but she has been very patient and kept saying how amazing our works all were. I am grateful I had her. Lowkey telling you I heard other professors are kinda mean and give a lot of work... ",RELJ 3490 Jewish Wedding,Prof. Ochs ,"LOVE LOVE LOVE! The class is so interesting and Prof. Ochs is one of the best professors I have had so far. She is super nice and patient, and will take your year, your experience with religious studies and so forth into consideration when grading. That being said, she focuses more on your overall progress and the efforts you put into. Some people are unsatisfied with the grading. In my perspective, you don't really need to know how exactly every assignment is weighted because overall you only have three assignments, which means you need to pay attention to every assignment and really do it. The most important one is the midterm assignment. I spent 1.5 hr everyday doing that for almost a month before it was due. Many thought it was a fun and easy A class, but the truth is it is very interesting but not necessarily an easy A. I would recommend it to those who are interested in the subject matter and who are willing to spend time on it.",FORU 1500 Creativity,Prof. Ochs and Prof. Misliuk,"I am part of the Creative Processes forum and this class is our required class for the first semester. I really love the nature of the class. We had many fun activities, such as dancing together, acting, walking around the classroom in different speeds, and making weird poses. We had guest speakers for every class. As for the workload, basically you need to write a response every week, reflecting on what you have learned in class and connecting it to the old materials. There is a 5-page midterm paper on what you have learned so far. The final is similar. Since it is a ""creative"" class, I guess everyone got an A in the end.",EDIS 2010 Intro to teaching,Prof. Wilson,A solid easy A class. You get full credits as long as you do the work. Quality doesn't matter. Classes meets twice a week and you need to go to a high school or middle school for 10-12 hours volunteering.,,,,,,,,,,,,,,,,,,,,,
CS1110,Prof.Sheriff,Difficulty 3 Hotness 5 教授讲课特别有趣，也很有自己的风格。平常的作业量也并不是很多。除了考试之外，家庭作业在成绩中也占了很大比重。,PHIL 1410,Prof.Cargile,Difficulty 5 Hotness 2 教授在UVA已经教书有50多年了，算是见证了UVA大大小小的变化。很有智慧。课上的内容初听会有些迷惑，但是去教授office hour 会有很大的提升。基本上A-是最高分,Intro to Cognition Psyc2150,Prof Wilingham,"Difficulty 4 Hotness 4
基本没有作业，但需要做Psych study. 教授上课讲的内容特别重要。 概念的区分和理清也很重要。考试考的很灵活。",CS 2110,Prof.Basit,Difficulty 4 Hotness 4 教授讲课很清楚，难度也不大。很多都是建立在CS1110的基础上的。,COMM2010,Prof.Backoff,老师上课讲的很清楚。作业不多，都在巩固上课内容。考试也不难,,,,,,,,,,,,,,,,,,,,,
Econ 3010,Gaurab,"Difficulty 3, Hotness 2, 比较容易得A",Stat 2120,Spizner,"Difficulty 2, Hotness 2, 老师不咋的，比较容易得A",COMM 1800,Kemp,商院requirement，学到很多有趣的商业姿势,ENTP 1010,Bevin,创业课，非常有意义，是我上过最有趣的一门课，中国人很少几乎没，很多课上讨论，比较容易拿A,CS 2102,Edward,discrete math，cs必修课，都是数学内容，很多逻辑证明知识，是一门很有意义的基础课,,,,,,,,,,,,,,,,,,,,,
ECON 2020 with Coppock,Lee Coppock,"Difficulty 2, Hotness 5",CS 1110 Intro to programming,Sheriff,"Difficulty 3, Hotness 5",HIEA 1501,Robert Stolz,"Difficulty 5, Hotness 1。Stolz的课是我在UVa上过最intellectually challenge的课，非常推荐对历史，尤其是东亚/日本历史和哲学感兴趣的同学上",JAPN 1010,Marshall,"Difficulty 4, Hotness 3，日语课的老师和课上的小伙伴都挺好的，强烈推荐",SLAV 2360 Dracula,Stanley Stepanic,"Diffitulty 1, Hotness 10/5, 挺好的课，内容也有趣，不过大一是不可能选进去的，以后大三大四要满足各种college requirement的时候可以考虑",,,,,,,,,,,,,,,,,,,,,
STAT3250 Data Analysis with Python,Prof. Jeff Holt,老实人很好，课程难度中上，对编程技巧有一定要求。但比较系统讲了数据分析,CS1110 Intro to programming,Prof. Sheriff,非常好的一门intro课，作业很锻炼人。Final Project很有意思。现在用的语言是Python,MUSI2370 Make Rock,Prof. Edward Coffey,这节课主要就是几个做音乐的project。能学到很多关于Rock的东西，自己也有很多做音乐的机会,MATH3354 Survey of Algebra,Prof. Lennart Meier,如果你只是想要高GPA，请不要上这课。但如果你想要感受数学的抽象美大过你对GPA的渴求，请一定上这课。这个老师现在已经不在了,ECON2020：Principles of Economics: Macroeconomics,Prof. Lee Coppock,老师非常有趣，非常好的宏观经济入门口，感觉他儿子也懂得很多,,,,,,,,,,,,,,,,,,,,,
PSYC 2150: Intro to Cognition,Prof Willingham,"Difficulty 3, Hotness 4, lecture内容条理清晰，十分有趣，instruction很明确，考试不是很难，可以drop一次midterm，比较推荐上",BIOL 2100,Prof Kittleson,"Difficulty 4, Hotness 3, 虽然是300多人的大课，老师还是能做到很available，lecture讲的非常好，回答问题很耐心，考试很fair，考虑major生物的同学可以上一节试试",HIEA 2310: Modern China,Prof Reed,"Difficulty 3, Hotness 4, prof reed对中国历史有着相当的了解与看法，lecture很engaging，是一节在第一学期上着很不错的，可以满足两个requirement的课。",PLPT 1010: Intro to Political Theory,Prof Bird,"Difficulty 4, Hotness3, 对想politics或PPL major的同学是一个很不错的入门课，讲了不少类似Thomas Hobbes这样有名的政治理论家，想了解西方政治文化的同学也很推荐上",PSYC 3410,Prof Emery,"Difficulty 4, Hotness 2, 课堂内容比较乏味，基本照搬书本，本来觉得abnormal可以是很有意思的一个学科，比期待差很多。",,,,,,,,,,,,,,,,,,,,,
CS 1110 Intro to programming,Prof. Sheriff,5,FREN 3031,Labadie,Hotness 1,CS 2110,Basit,5,COMM 3410 Comm Law,Moore ,5,Comm 3420 Comm Law,Moore,5,,,,,,,,,,,,,,,,,,,,,
BIOL 3050 Intro to Neurobiology,Barry Condron,"Difficulty 5, Hotness 4. 想选还是可以选上的，没上过BIOL两门intro给他发个邮件基本都可以进，内容考试非常难，毕竟是neurobio拿A肯定不容易，涵盖内容非常广，学到多深看自己。lecture很棒 一定得去（建议录下音）",PHYS 2660 Scientific Computing,Chris Neu,"Difficulty 3, Hotness 3。可以喝CS1（python）一起上，这门课从入门开始教C，Unix等等，基本作业是编程model一些物理模型，不难还非常有趣。Chris的lecture进度非常慢，很多东西要靠自己学，但他是非常幽默的一个人。",PSYC 2150 Intro to Cognition,Dan Willingham,"Difficulty 4, Hotness 5, 一定要上Willingham的！！非常好玩还有用的心理入门课，有些是history比较无聊，但基本是conceptual的内容，考试有些问题会挑战大脑。",SATR 2110 Cult. Tr: TravWriting in South Asia,Mehr Farooqi,"Difficulty 3, Hotness 3, 满足non-western和second writing很好的课，Mehr非常幽默，lecture很好玩。当时想上因为对南亚（印度，巴基斯坦）不了解。作业基本是一页的journal，期中期末各一个paper，Mehr打分比较松，paper找她OH去改就好。",PSYC 2300 Intro to Perception,Dennis Proffitt,跟2150 cognition比起来很easy A，内容更多要记忆，Denny上课很慢，会跟你说什么时候记笔记什么时候不要记，大一同学如果上课还不适应的话，这个课还是非常好的。考试只要背笔记就行，蛮简单的。有个optional lab另外是1学分， 讲一些proprioception和错觉的东西蛮好玩的。Denny自己lab里的的research很有趣，基本是proprioception和VR。,,,,,,,,,,,,,,,,,,,,,
CS 2150 Programming and Data Representation (2016 Fall),Prof. Bloomfield,"Difficulty 4, Hotness 5",PSYC 2150 Cognitive Psychology  (2017 Spring),Prof. Willingham,"Difficulty 3, Hotness 4",APMA 3180 Linear Algebra (2016 Fall),Prof. Abramenko,"Difficulty 3, Hotness 4",CS 3102 Theory of Computation (2016 Fall),Prof. Robins,"Difficulty 2, Hotness 4",CS 4750 Database System (2016 Fall),Prof. Hendawi ,"Difficulty 4, Hotness 3",,,,,,,,,,,,,,,,,,,,,
Math 2315,Prof. Rapinchuk ,所以考试都是take home,RUTR 2730,Prof. Connolly,50% A 50% A-,WGS 2100,Prof. Hagermen,很好玩，A好拿,PLPT 3030,Prof. Idris,很难，但是很有意思，非常into politics的可以上,HIEA 1501,Prof. Zhang,别上这门课,,,,,,,,,,,,,,,,,,,,,
Math 1320,Mike Willis,"Difficulty 2, hotness 3, 内容不难 老师很好",Econ 3020,Sophie,"Difficulty 5, hotness 3, 老师上课速度太快 考试也很难",Yoga,John,"Difficulty 4, Hotness 5, 柔韧性不好的会很难接受 但是课程很有意思 做完也会神清气爽",Enwr 1507,Jane Boatner ,Difficulty 2 Hotness 2 老师人很好,Stat 2120,Jeffrey woo,"Difficulty 3, Hotness 4, 老师人很好内容不难 但是作业比较多",,,,,,,,,,,,,,,,,,,,,
FORU 1500-005 Forum Session,Prof. Eaker and Prof. Hawthorne,Difficulty 2 必须推荐我的forum，这是一个鼓励跨学科思维的专题性1st 2nd yrs program，一共有五个，内容各不相同。成绩角度讲，教授超级nice，上学的东西一点也不难，easy A。更重要的是这个program重塑了我的世界观，教会了我非常丰富的思维模式和知识。如果看到forum的topic有自己喜欢的，一定要尝试申请，意义非常重大。这是个series class持续到大二下，期间有优先选课权。这个课的教授现在是我各种推荐信的来源，我最好的朋友们基本都是在forum里面认识的。真的很推荐,ANTH1010 intro to anthropology,Prof. Armengol,Difficulty 3 阅读特别多，但是真的，真的，真的很有趣。给分有点严，不过好好看书好好听课，discussion多说话还是挺稳的。担心discussion说不上话的小朋友请放心，认真阅读的你会迫不及待地想要发言，然后TA就会在小本子上记上一笔，然后你participation分就很高。这节课的discussion是我上过最顺的，气氛非常舒服。,PLPT 1010,Prof. Bird,Difficulty 4 挺难的，但是还没有太难。上课内容非常有意思，教授特别逗。discussion也很有趣，就连写paper都很愉快。grade有点harsh，但是成绩和你在这节课的所学相比完全就是trivial。强烈推荐,PHIL 1730 intro to moral and political philosophy,Prof. Stangl,Difficulty 3 内容很难但是考试和paper都简单。会发study guide，好好思考一下guide上的问题就稳A了。这个课最重要的是，我去年学的时候没有什么感觉，但是我这个学期上很多课的时候发现PHIL 1730的影子始终在。每一个问题我都会不知不觉地，相当熟练地联系到这节课的所学上，这才意识到这节课是多么重要的ground work，以及教授潜移默化地对我的思考造成了多大影响。如果你喜欢哲学，或者想学政治 人类学 历史等， 请好好考虑上这节课!,CHEM 1810 Principles of Chemical Structure (accelerated),Prof. Harman,Difficulty 5. 一个Accelerated包含多少学生的血与泪。与它的兄弟CHEM 1410不同，这节课学出来的学生要么就此放弃化学，要么从此站在uva化学的巅峰。Accelerated相当于honor课程，难度很高，但是很有趣也很有用。如果你上1810，当人家问你你是上1410吗的时候，你就可以骄傲地说你上的是honor系的课程，比400系高到不知哪里去。强烈推荐给国内普高的同学，你们会发现你们把一门honor课学成了easy A，如果真的想从事化学专业，那么来上800系的课程吧。uva不是一所science and tech的学校，如果你想让自己和uc的同学齐头并进，不输在起跑线上，务必考虑800系列化学。,,,,,,,,,,,,,,,,,,,,,
PHIL 1410 Forms of Reasoning,Prof. Cargile,"Difficulty 4, Hotness 3, 教授非常友好。盛传的GPA killer，但如果经常去office hour 做书上的练习，同学们应该没问题。所有期中考试take home，没有作业。",COMM 2010 Intro to Financial Accounting（2017 Spring）,Prof Backof,Difficulty 1，Hotness 4 课程简单，作业合理，考前突击能解决问题。,MATH 3100 Introduction to Mathematical Probablity（2016 Fall）,Prof. Abdelasek,"Difficulty 3, Hotness 4, 对于有排列组合（小学奥数难度）和stats基础的同学来说没有问题，属于简单的数学课",ECON 3030 Money and Banking(2017 Spring),Prof. Bethune,"Difficulty 3.5, Hotness 3.5, 可以通过这节课对经济建模有很好的认识，课程材料很多。读书，Homework练习，每天复习是取得好成绩的关键。Prof 的office hour很有帮助",Math 3310 Basic Real Analysis(2017 Spring),Mr. Santhabrone,"Difficulty 2, Hotness 2, 老师非常好，很年轻但是讲课很清楚，课程内容也比较简单，考试题目大量来自书上及作业原题，值得推荐。数学专业必修课",,,,,,,,,,,,,,,,,,,,,
cs 2110,sherriff,difficulty 3 老师很好！！而且就算AP能换，学一下python也挺好玩的,cs2110,prof. Nada Basit,"difficulty 4
prof basit 很好！但是上课有点无聊会学不少java的概念",cs2102,prof David Edwards,difficulty 4.5 hotness 2逻辑和证明对我来说挺费劲的🙃,sts 1500,prof Carlson,"difficulty 500，hotness -500
就我个人而言 非常无聊非常糟糕的一节课 单纯的偏见不喜欢",apma 2120,prof ma,"difficulty 4 hotness 5
是个中国老师 超棒讲课超级清晰 而且人超级好",engr 1620,prof keith williams,"difficulty 2 hotness 5
prof 很棒 工院必修基础课 最后大家造了个乐器",,,,,,,,,,,,,,,,,,
HIEA 1501,Robert Stolz ,"Difficulty 5
Hotness 1 (I wish I can give 0)

This class satisfies two area requirements of CAS, history and second-year writing. But please be advised, if you are a first-year and not good at writing and not yet used to English reading, DO NOT take this class. The class is about history on the surface, but it actually requires a lot of readings on philosophy. The instructions on writing the essay was confusing, but the professor was always willing to address your questions. He was almost available in his office everyday, but he did not reply to any of my emails :)",FORM 1500,Len Schoppa and Shige Oishi,"Difficulty 4
hotness 5
BEST class I had in UVA so far. Participation is highly valued  and the contribution to in class discussion counts toward a great deal of the final grade. This class is special as it is part of the FORUM program that is only recently available to UVA CAS students and aims to replace to CAS requirements. Please contact me in person if you want to know more about the program.",COMM 1800,Robert Kemp,"Difficulty 2
Hotness 1
haha This is one of the class that filters out those people who are not really interested in doing comm school in the future, because as a prerequisite of the comm school, it is BORING!!! This class gives you a overview on how business works and really test if you are determined enough to do comm school in the future. All exams are not cumulative and you can get good grade by completing all practice quizzes online at least three times and taking good notes Kemp's take-way in lectures.",ECON 2010,K. Elzinga ,"Difficulty 3
Hotness 2

Some people say Prof. Elzinga, as one of the most famous Econ professor, is overrated. Well, it is partially true. His lectures were not so structured and hard to take notes on. However, he can be very helpful not only in the course but in providing other social resources once you get to know him more.",STAT  2120,Jeffery Woo ,"Difficulty 3
Hotness 2
Again it is a prerequisite for the comm school and is a true test for your interest in doing comm. The knowledge is very useful not only in finance but also in other social studies. He often messed up the quiz solutions. However, the course is still recommended for its applicability.",COMM 2010,Ann Backof,"Difficulty 4
Hotness 5+++++

Prof. Backof is the best stylist in comm school :) She organizes materials and gives very informative and structured lectures. Accounting is all about sets of rules, so her lectures notes come in handy every time if you are confused about definitions and accounting principles.",PSYC 2600,Fred Smyth,"Difficulty  3
Hotness 3

Social psychology is very interesting, despite Smyth's midterms and finals are said to be the most difficult ones among all the Social Psychology professors. The textbook is really interesting and can give you another perspective in viewing your people around you and your decisions. Plz pay attention to him in lectures and be present in every lecture for the all iclickers questions, which make up 10% of the final grade.",,,,,,,,,,,,,,,
ECON3010 Microeconomic,Peter Troyan,"经济必修课, 都说301很难 但是这个老师讲课非常有条理, 只要上课好好记笔记, 平时problem set认真搞懂就不会有问题",ECON3020 Macroeconomic,Jae Won Lee,经济必修课 但是这个老师讲得绝对是超级大水课 考前把ppt通读一遍就好了,ECON3030 Money and Banking,Zachary Bethune,平时只会读ppt 但是考试前一定要把textbook认真看一遍 讲课很有条理 总体来说认真理解概念 学下来并不难,DRAMA2310 Costume Technology,Marcy Linton,如果想选水课的话 推荐这节服装设计 绝对轻松easy A 一个学期总共3个project 老师会手把手教你运用sewing machine,STAT3130,Jeffery Holt,看见Holt的一定要选 Stat department没有什么好教授 所以他的课觉得让你觉得上得值得,,,,,,,,,,,,,,,,,,,,,
PSYC 2150 Cognitive psycology,Prof. Willingham,"Difficulty 3~4, Hotness 4 非水课 讲关于memory，attention，cognition方面的心理学 内容非常有趣",ASTR 1220,I forgot,"Difficulty 5, hotness 2. 介绍黑洞理论，狭义广义相对论，宇宙恒星进化理论。课有些难，强烈推荐对天文物理感兴趣的同学上，可以了解一些基本的相对论等理论。",Chem 1610,Prof Metcalf,Difficulty 2 Hotness 3. 工院必修课 文理院也可以选对应的chem 1410. 难度大概是高一化学.,Chem 3610 Physical Chemistry,Prof Gahlman,"Difficulty 10, Hotness 1. 化工专业必修课 仅推荐给对量子理论 薛定谔方程 波函数有极其浓厚兴趣的同学. 难到爆炸.",Che 3321,Prof Ford,"Difficulty 10, Hotness 1. 化工专业必修课 如果你想选化工专业 做好被这门课怼爆的准备",,,,,,,,,,,,,,,,,,,,,
ECON 3030 Money and Banking 17 spring,Zachary ,Difficulty 3 hotness 4 这节课对想之后做finance的同学很有帮助 对banking进行了一个比较全面的介绍，除了有些model比较难， 大部分的内容都比较简单 prof和ta人都很好，也很愿意帮你解决不会的问题,RELB 2100 intro to Buddhism 16fall,Sonam Kachru,difficulty 2 hotness 2 如果你想要对佛教有更加深入的了解话 很建议选这门课 会对佛教的历史和后期的各种经文进行一个简略的研究。个人觉得课程的前半段相对来说比较有趣 我每周reading的量较多 但是不用全部读完。midterm很简单，一学期只有期末有一个十五页的 paper,COMM 1800 making business work 17s,Kemp ,Difficulty 2 hotness 5 这门课还是挺有意思的,COMM 2010 financial accounting 17s,ann backoff,difficulty 4 hotness 5 这节课是商院的入门课 可以在上完1800后上，也可以和1800一起上。教授说话的声音很甜，人也很好。和其他课相比，还是需要多花点时间的,phil 2060 philosophy problem in the law,Simmons ,"Difficulty 4 hotness 4
教授讲课很有意思，reading的话对于philosophy来说不是很多。",,,,,,,,,,,,,,,,,,,,,
CS 1110 Intro to programming(2016 Fall),Prof.Sheriff,1,CS 2102,David Evans,1,CS 2110,Nada Basit,2,MATH 3354,Sara Maloni,4,CS 2150,Bloomfield,2,,,,,,,,,,,,,,,,,,,,,
CS 1112 Intro to Programming,Don't even remeber...,Do the hw!,HIEU 2061 The Birth of Europe,Prof. Kershaw,"Nice TA, answers most questions",ASTR 3880 Planetary Science,Prof. Howard,"Somewhat dey lecture but still worth taking, nice prof.!",PLAP 2250 American Political Tradition,Prof. Connor,"Avoid at all cost unless you intend to major in American government study, no chill...",AMST 3180 Intro. to Asian American Study,Prof. Chong,"Nice instructor, loads of response papers, but still wroth taking as a first-year",ECON 2010,Prof. Marc,This class looks easy but actually need A LOT OF EFFORT to excel. ,,,,,,,,,,,,,,,,,,
ARCH 5710 Photography and Digital Media,Kirk Martini,"Difficulty 2, Hotness 4, 建院的选修课，除了基本的照相构图常识，重点教了Photoshop技巧，对学建筑很有用，难度不高，也适合兴趣爱好。",PSYC 2150 Intro to Cognition,Prof. Willingham ,"Difficulty 5, Hotness 4, 这节课内容非常有趣，非心理major也适合学，不过考试略难，上课一定要认真听讲记笔记，教授超级好","DRAM 1010, Intro to Theater",Cady Garey ,"Difficulty 1, Hotness 5, 成绩包括一个paper，一个考试和一个Final表演，基本上没有作业，而且通过小组排戏也可以认识很多人","ARCH 1040, Intro to Design",Prof. Carmen,"Difficulty 5, Hotness 3, 建院必修课，可以学到非常多专业知识，为建院打好基础，不推荐非建院的学生上，涉及的专业知识太多",ARCH 5424 Direct Cinema and Media Fabric,Earl Mark,"Difficulty 3, Hotness 3, 这节课讲了电影的起源和以前是如何制作电影的，用最原始的方法去制作一个影片",HIEA2222 Modern China History,Reed,Difficulty 3 Hotness 3，能了解从晚清到建国后的详细中国历史，包括一些在中国被禁的历史事件，教授讲的不错，也很可观，阅读较多，写一篇paper，两次考试都是写essay，和名词解释，考前会给出study guide，考试内容一定会在study guide 里，复习需要时间较长。和小伙伴合作准备，A- 容易，A 稍微有点难,PSYC 2150 Intro to Cognition,Dan Willingham,Difficulty 3 Hotness 3 Willingham 教的非常非常好，抽象概念都解释的非常清楚，课本身也很有意思,Econ 2020 Principle of Econ： Macroecon,Lee Coppock,Difficulty 2 Hotness 4 教授很有魅力，不难,COMM 2010 Intro to Financial Accounting,Ann Backoff,Difficulty 3 Hotness 4 商院prerequisite，很有用，Backoff 专业素质过硬，讲的很清楚，考试复习笔记就行，书基本不用看,Intro to Social Pyschology,Smyth ,Difficulty 3.5， Hotness 4，课本身比较有意思，但看教授，别上Smyth 的课，讲的很无聊。考试基本就是背书,,,,,,,,,,,,,,,,,,,,,
Math 2310 Calculus 3,Petrov,"Difficult class, less than ideal lecturer, easy grader though",ANTH 2500 Migration and Middle East (topic changes each year),Mary Pancoast,A lot of info about the region.  First time offered.  Not sure if there will be offered at any other time.,COMM 1800,Kemp,"Read the books, watch the videos, do the practice exam.
In lecture, get his take-away and that's it.",CS 2110,Basit,Basit is better than David in my opinion. Very lenient.,Comm 2010,Backof,Nice teacher.,,,,,,,,,,,,,,,,,,,,,
CS1110 (2016 Fall),Sheriff,"Difficulty 1, Hotness 5. 很简单有意思的一门python/programming入门课。",BIOL 2200 Intro Bio,Kittlesen,"Difficulty 4, Hotness 4. 生物专业pre-req，细胞/基因入门课。推荐给对这方面感兴趣的童鞋们，虽然有难度，但教授很赞。",Econ 2020 Principles of Macro,Coppock,"Difficulty 3, Hotness 4. 很赞的宏观经济入门课。教授自己写的教材，aka只要你老老实实做reading，master这课没问题:P",COLA (Why haven't we cured cancer?),Kittlesen,"Difficulty 1, Hotness 3. 推荐上COLA，因为可以间接选一个advisor。这节COLA偏生物/医学，对于感兴趣的十分推荐。speculation: everyone gets an A.",JAPN 1010,Kawai,"Difficulty 2, Hotness 2. UVa日语department很赞，所有老师都很认真负责。一班15人左右，课上重点是练习口语。",,,,,,,,,,,,,,,,,,,,,
STS 2500,Kent Wayland,"Difficulty 5, Hotness 2 老师essay评分不按rubic，这课没有ta，每周大概100-200页readings，workload还好",APMA 3110,Julia Spencer,"Difficulty 3, Hotness 3，老师人好课简单，ta给力",MAE 3210,Rita Schnipke,difficulty 4，hotness 4，这课是MAE的必修课，老师人好但不会教书，要自学，百分之八十 A-/A,MAE 4710,Gavin Garner,difficulty 4，hotness 4，这课好有意思，实用性非常高,MAE 2310,Jason Kerrigan,Difficulty 2，hotness 4， 简单易明，每周有2次作业due，但都是书里题,,,,,,,,,,,,,,,,,,,,,
chem 1610,Metcalf,不是必修别上 如果有过高中化学基础拿A不难 千万别上metcalf的课 人好但是课就算了,CS1110,Tychonievich ,不算太难 教授人满分,APMA2120,Mohajeri,教授巨搞笑 但是听课想睡觉,econ 2020,coppock,推荐 难得老师讲得好 内容还很有趣,MSE 2090,James burns,课还是有点难度 主要是概念太多 内容看个人我觉得不算特别有趣 教授也是很好的人 ,,,,,,,,,,,,,,,,,,,,,
PSYC 2150 Intro to cognition(2016 Fall),Daniel Willingham,"Difficulty 5, Hotness 4, 这节课内容还是很有意思的，内容有一点难，需要看书背概念。",MATH 2310 Cal III  (2016 Fall),Ramanujan Santharoubane,"Difficulty 3, Hotness 3 老师讲的一般，但考试给分比较高，数学专业的prerequisite",ECON 2010 Principles of Economics: Microeconomics (2016 Fall),Kenneth Elzinga,"Difficulty 3, Hotness 5，这节课内容还是很有意思的，只是考试比较难，TA很好，会及时解决问题。",CS 1110 Intro to programming (2017 Spring),Luther Tychonievich,"Difficulty 3, Hotness 4,这节课内容比较简单好理解，老师讲课很好，TA也很好，会及时解决问题。",MATH 3100 Introduction to Probability (2017 Spring),Tai Melcher,"Difficulty 4, Hotness 2, 这节课内容还是很有意思的，对逻辑思维要求很高，考试不算难",,,,,,,,,,,,,,,,,,,,,
ECON 3020,Jae Won Lee,"Difficulty 2, Hotness 4, 我觉得Easy A，教授人好",MATH 3100,Abdelmalek Abdesselam,"Difficulty 4 , Hotness 2, 教授上课很随性，不一定适合每一个人，慎选",ENWR 1507,Jane Boatner,"Difficulty 1, Hotness 3, 这个课很水，教授人很好，要上两个学期，如果申请商院(强调课程难度)慎选",ECON 3010,David Mills,"Difficulty 5, Hotness 4, 我觉得这门课很难，教授讲的很一般，不怎么curve，教授风格因人而异",STAT 3080,Gretchen Martinet,"Difficulty 3, Hotness 3, 没有考试，但是平时作业量大，每周一个in-class assignment---和上课讲的内容无关:( 自己上网找方法，自己解决。",,,,,,,,,,,,,,,,,,,,,
Chem 1420 general chemistry 2,Kevin Welch,"Take general Chem with Welch!!! The way he explains he concept is clear and engaging. There are 4 tests and a final in total. The tests are hard, but the lowest test test only counts for 6% of your whole grade.",Chem 1410 general chemistry 1,Linda Columbus,"The professor is nice, but somehow she doesn't know how to explain the concepts to students, and she makes EVERYTHING so confusing. Tests are hard, but the professor curves a lot. ",ARH 1010 Achitecture history,Lisa Reilly,Don't take it if it is not a requirement( a school). Tests are essay questions and very hard. You need to memorize a lot of stuffs in this class.,CS 1110 intro to programming,Luther Tychoneivich,"The professor is a nice guy. He makes video records of every lecture, so you can go over it after class. ",ENWR 1507/1508,Jane Boatner,A alternative choice for international students to fulfill their first writing requirement. The professor is very nice and approachable. 3-4 essays and one portfolio,,,,,,,,,,,,,,,,,,,,,
CS 2110,Basit,难度: 中。老师比较随便，考试比较重要。,STAT 3120,Taylor Brown,老师也教不会 一定要努力自习,CS 2150,Bloomfield,一定要提前做lab 可以不去lecture,MATH 3351,Lloyd West,好人 简单 不用犹豫,ECON 3010,Marc Santugini,好人 作业有难度但是量不多,,,,,,,,,,,,,,,,,,,,,
Phys 2415 Electric and Magnetism (2016 Fall),Robert Jones,非常非常认真负责的一个老师！会把大量的时间都花在本科生身上，只要你有不会的就努力reach out到他，他一定会竭尽所能帮你解决所有作业中的问题。所以说如果作业不会写一定要去office hour。讲课非常风趣，很有条理，经常做一些很有意思的课上实验，比如有一次他自己做了一个滑轮挂在屋顶从教室的一头荡到了另一头。是一个不是很难拿A的课！期末会有意外的extra points的！,Arts 2610 intro to drawing I,Barbara Bernstein,我最喜欢的教授之一，课上基本都是没什么绘画基础的学生，所以如果你绘画一般千万不要担心。Barbara特别喜欢中国学生，会耐心地鼓励你。而且她的这门课相比其他老师的，作业真是少到不行！每周不会超过一小时！轻轻松松可拿A！,Comm 2010 financial accounting,Ann Bachof,美女老师！人美腰细腿长！科科，跑题了。最认真最nice的教授之一！对待学生真是温柔到不行，人又聪明，细致回答你一切问题！回答完了每次都还再三确认你是否听懂了，然后还抱歉自己之前可能讲的不清楚。美中不足的是这门课需要在考试中下点功夫才有可能拿A,STAT 2120 intro to statistics,Jeffrey Woo,真的是神烦的一门课，但是又必须得上。分为lecture和lab两部分，作业奇多，而且项目多且繁杂，一周五个due，稍不留神就会少做一次作业。不过好在每种作业都有几次drop的机会，期末会有一点点extra points. lab有时会记attendence，由于这门课大量的ta和grader都是中国人，所以可以有问题多多跟学长学姐提问。由于这门课很大，教授不怎么回邮件。更重要的一点是教授说着一口新加坡英语！每次都觉得他说话有口痰在嘴里，上了两次lecture就再也没去过了。,phys1429 Electric and magnetic lab,Maxim Bychkov,"是一门和phys2415配套的电磁学lab，即使你用ap physics C换掉了电磁学，也需要上这门lab。这门课时间很多，永远不用担心选不上，缺点是作业比较多，每周都有prelab, in-lab, post-lab。其中inlab report打分非常严格，永远都不知道为什么被莫名扣分，也不给看rubric。再加上课上大量的美国人及其不靠谱，所以说虽然只有1学分，但是却没有那么轻松拿A。索性大部分ta都非常好，实验有不懂的一定要马上就问。提前做完实验收拾东西回家还是很常见的。哦对了，这门课你是很难见到教授的，做实验都是TA带着做。",,,,,,,,,,,,,,,,,,,,,
Art History 1051,Prof.Dobins,"Difficulty 4, Hoteness 3, Prof Dobins是我在uva最喜欢的教授之一，很博学又有趣的老教授，打开你艺术世界的新大门，真的很受用！",Studio Art 2220,Dana Ollasted,"Difficulty 4, Hotness 2, 老师给分比较严格，但是受益匪浅，学会使用adobe premiere, photoshop, aftereffect，audition 等制作图片，音频，视频艺术",Classics 3100 Age of Odysseus,Prof Anna Stelow,"Difficulty 5, Hotness 1, 教授很负责，阅读量很大，对荷马史诗及其他古希腊史诗很有见解，拓展人文基础",Comm 3410 Common Law 1,Sherri Moore,"Difficulty 2, Hotness 5, 教授几乎可以说是uva 最受欢迎的教授之一，学识非常渊博，讲课很生动，把繁琐的法律讲的非常通俗易懂",Music 1310,Can't remember,"Difficulty 1, Hotness 4, 这节课很适合有一点点音乐基础的同学巩固和深入学习乐理知识，课堂氛围很轻松，也没什么课业压力",,,,,,,,,,,,,,,,,,,,,
RELB 2054 Intro to Tibetan Buddhism,不记得了. 老师好像换了,"内容非常有意思，跟我们传统知道的佛教不太一样。阅读量还好，相比于其他课也不算很大。每周虽然有必须去的discussion，但老师grading比较容易，基本可以拿A. difficulty 2, hotness 5",PHIL 1750 Meaning of Life,Walter Ott,"非常有趣的一节课，也非常适合这个阶段的我们。课程总体还是有些难的，discussions比较多，但是收获也不小。 difficulty 4, hotness 3",ECE 2066 Science of Information,Professor Reed,"你要不是真对信息技术感兴趣，那就别上了。很多人上是因为这是一个engineering的选修，但作业对大一的学生太有挑战了。difficulty 5, hotness 2",CS 2110 Software Development Methods,Nada Basit,"CS最早的必选课之一 ，没什么说的了 :)  enjoy!
difficulty 3, hotness 2",STAT 3120,Ann Liu,"这是stats专业最难的课之一，主要在于老师都不怎么样，基本靠自学。Liu是现在的phd学生，所以学生提问有时候答不出来。这节课一靠书二靠自己，三靠cheat sheet。 difficulty 4, hotness 1",CS 4740 Cloud Computing,Marty Humphrey ,"我最喜欢的cs课了，选到了话最好试试。最工作帮助挺大的。
difficulty 3, hotness 4",,,,,,,,,,,,,,,,,,
Math 2310 cal3,Ira Herbst,Difficulty 2.5 hotness1 教授水平很高就是不会上课,Econ 2010 Principles of Microeconomics,Kenneth Elzinga,"Difficulty 3,hotness 5 Elzinga 老爷爷上课很催眠",Phil 2660 philosophy of religion,Trenton Merricks,"Difficulty 5 , hotness 5  教授超级nice，内容很有趣，论上帝到底存在不存在",Arth 2052 Ancient Egypt,Anastasia Dakouri-Hild,"Difficulty 3 , hotness 2 无意间发现的一门很有趣的课，讲法老，讲金字塔，关键这课不要写paper，还满足两个requirement",Span 1010 &1020 Elementary Spanish,Staff,"Difficulty 3, hotness 3 零基础学西语，现在准备minor Spanish, 教授人都很好，除了作业有点多，A比较难拿",,,,,,,,,,,,,,,,,,,,,
APMA 2120,Prof. Hui Ma,5 Best math professor for Multivariable ever. Patient about her students and knows the materials well.,CHEM 1610+1611,Lisa Morkowchuk,5 Clear teaching logic and knows the materials well.,CS 2110,David Edwards,3 虽然很多人不太喜欢这门课，但是Edwards是个很好的人，虽然上课有些枯燥和不清晰，但是你要是下课经常问他问题也是可以develop good relationship的,ENGR 1620+1621,Keith Williams,5 Coolest professor ever. 上课让我们自己从cigar box做小提琴，知道怎样可以打开学生对于工程的兴趣。,STS 1500,Carlson,2 ……the most egoistic professor in UVA,APMA 2130 ODE (2017 spring),John Dorning,5. 人很好，上课清晰，对自己交的内容很enthusiastic，作业有点多,CS 2102 Discrete Math(2017 spring),David Edwards,,ECE 2066 How the iPhone Work,Keith Williams,教授很好，学的东西很有趣，最后会让你拆一个手机,ECE 2330 DLD （2017 spring）,Joanne Dugan,教授很好，讲的是基本电路，很有趣和有用,GERM 1020 (SPRING 2017),Rebecca Slodounik,课很有趣也很有用，作业不太多,PHYS 1429,Staff,lab很好玩，但是分数depend on你的队友聪不聪明,
